virus	length	matched	unmatched	Sample_id	Background	Viral load	mapper	type	expt	Number of paired-end reads (QT)
k97_19971	8467	10351	0	A	p6	1000	bowtie2	nodedup	TE	1087372
k97_19971	8467	14597	0	B	p2	100	bowtie2	nodedup	TE	717265
k97_19971	8467	51081	0	C	p8	100000	bowtie2	nodedup	TE	24205188
k97_19971	8467	31634	0	D	p8	1000	bowtie2	nodedup	TE	775693
k97_19971	8467	0	0	E	control	0	bowtie2	nodedup	TE	21999
k97_19971	8467	10685	0	F	p6	100000	bowtie2	nodedup	TE	12428910
k97_19971	8467	14005	0	G	p2	100	bowtie2	nodedup	TE	565371
k97_19971	8467	682500	0	H	p8	100	bowtie2	nodedup	TE	3708723
k97_19971	8467	36406	0	I	p6	100	bowtie2	nodedup	TE	3977262
k97_19971	8467	24098	0	J	p8	1000	bowtie2	nodedup	TE	694613
k97_19971	8467	122298	0	K	p8	100000	bowtie2	nodedup	TE	53224935
k97_19971	8467	5345	0	L	p2	100000	bowtie2	nodedup	TE	2334898
k97_19971	8467	204591	0	M	p2	1000	bowtie2	nodedup	TE	2678683
k97_19971	8467	97531	0	N	p2	100000	bowtie2	nodedup	TE	41327620
k97_19971	8467	33321	0	O	p8	100	bowtie2	nodedup	TE	776496
k97_19971	8467	671635	0	P	p2	1000	bowtie2	nodedup	TE	11503116
k97_19971	8467	16487	0	A	p6	1000	ngm	nodedup	TE	1087372
k97_19971	8467	25251	0	B	p2	100	ngm	nodedup	TE	717265
k97_19971	8467	55265	0	C	p8	100000	ngm	nodedup	TE	24205188
k97_19971	8467	34365	0	D	p8	1000	ngm	nodedup	TE	775693
k97_19971	8467	0	0	E	control	0	ngm	nodedup	TE	21999
k97_19971	8467	16623	0	F	p6	100000	ngm	nodedup	TE	12428910
k97_19971	8467	24162	0	G	p2	100	ngm	nodedup	TE	565371
k97_19971	8467	741788	0	H	p8	100	ngm	nodedup	TE	3708723
k97_19971	8467	50424	0	I	p6	100	ngm	nodedup	TE	3977262
k97_19971	8467	26146	0	J	p8	1000	ngm	nodedup	TE	694613
k97_19971	8467	133241	0	K	p8	100000	ngm	nodedup	TE	53224935
k97_19971	8467	8969	0	L	p2	100000	ngm	nodedup	TE	2334898
k97_19971	8467	349323	0	M	p2	1000	ngm	nodedup	TE	2678683
k97_19971	8467	166420	0	N	p2	100000	ngm	nodedup	TE	41327620
k97_19971	8467	36279	0	O	p8	100	ngm	nodedup	TE	776496
k97_19971	8467	1150561	0	P	p2	1000	ngm	nodedup	TE	11503116
k97_19971	8467	2108	0	A	p6	1000	bowtie2	dedup	TE	1087372
k97_19971	8467	11405	0	B	p2	100	bowtie2	dedup	TE	717265
k97_19971	8467	35130	0	C	p8	100000	bowtie2	dedup	TE	24205188
k97_19971	8467	16837	0	D	p8	1000	bowtie2	dedup	TE	775693
k97_19971	8467	0	0	E	control	0	bowtie2	dedup	TE	21999
k97_19971	8467	2157	0	F	p6	100000	bowtie2	dedup	TE	12428910
k97_19971	8467	10844	0	G	p2	100	bowtie2	dedup	TE	565371
k97_19971	8467	159569	0	H	p8	100	bowtie2	dedup	TE	3708723
k97_19971	8467	28739	0	I	p6	100	bowtie2	dedup	TE	3977262
k97_19971	8467	18999	0	J	p8	1000	bowtie2	dedup	TE	694613
k97_19971	8467	67936	0	K	p8	100000	bowtie2	dedup	TE	53224935
k97_19971	8467	3289	0	L	p2	100000	bowtie2	dedup	TE	2334898
k97_19971	8467	68297	0	M	p2	1000	bowtie2	dedup	TE	2678683
k97_19971	8467	39556	0	N	p2	100000	bowtie2	dedup	TE	41327620
k97_19971	8467	25846	0	O	p8	100	bowtie2	dedup	TE	776496
k97_19971	8467	103706	0	P	p2	1000	bowtie2	dedup	TE	11503116
k97_19971	8467	4088	0	A	p6	1000	ngm	dedup	TE	1087372
k97_19971	8467	21416	0	B	p2	100	ngm	dedup	TE	717265
k97_19971	8467	40522	0	C	p8	100000	ngm	dedup	TE	24205188
k97_19971	8467	20150	0	D	p8	1000	ngm	dedup	TE	775693
k97_19971	8467	0	0	E	control	0	ngm	dedup	TE	21999
k97_19971	8467	4062	0	F	p6	100000	ngm	dedup	TE	12428910
k97_19971	8467	20770	0	G	p2	100	ngm	dedup	TE	565371
k97_19971	8467	197819	0	H	p8	100	ngm	dedup	TE	3708723
k97_19971	8467	42919	0	I	p6	100	ngm	dedup	TE	3977262
k97_19971	8467	21800	0	J	p8	1000	ngm	dedup	TE	694613
k97_19971	8467	81170	0	K	p8	100000	ngm	dedup	TE	53224935
k97_19971	8467	6203	0	L	p2	100000	ngm	dedup	TE	2334898
k97_19971	8467	151968	0	M	p2	1000	ngm	dedup	TE	2678683
k97_19971	8467	84562	0	N	p2	100000	ngm	dedup	TE	41327620
k97_19971	8467	29776	0	O	p8	100	ngm	dedup	TE	776496
k97_19971	8467	247134	0	P	p2	1000	ngm	dedup	TE	11503116
k97_19971	8467	12224	0	RNA-Msp-p2	p2	NA	bowtie2	dedup	polyomics	5942760
k97_19971	8467	1913	0	RNA-Msp-p6	p6	NA	bowtie2	dedup	polyomics	NA
k97_19971	8467	27908	0	RNA-Msp-p8	p8	NA	bowtie2	dedup	polyomics	7714275
k97_19971	8467	17991	0	RNA-Msp-p2	p2	NA	bowtie2	nodedup	polyomics	5942760
k97_19971	8467	2449	0	RNA-Msp-p6	p6	NA	bowtie2	nodedup	polyomics	NA
k97_19971	8467	46679	0	RNA-Msp-p8	p8	NA	bowtie2	nodedup	polyomics	7714275
